0,2011/1/1
1,2011/2/1
2,2011/3/1
3,2011/4/1
4,2011/5/1
5,2011/6/1
6,2011/7/1
7,2011/8/1
8,2011/9/1
9,2011/10/1
10,2011/11/1
11,2011/12/1
12,2012/1/1
13,2012/2/1
14,2012/3/1
15,2012/4/1
16,2012/5/1
17,2012/6/1
18,2012/7/1
19,2012/8/1
20,2012/9/1
21,2012/10/1
22,2012/11/1
23,2012/12/1
24,2013/1/1
25,2013/2/1
26,2013/3/1
27,2013/4/1
28,2013/5/1
29,2013/6/1
30,2013/7/1
31,2013/8/1
32,2013/9/1
33,2013/10/1
34,2013/11/1
35,2013/12/1
36,2014/1/1
37,2014/2/1
38,2014/3/1
39,2014/4/1
40,2014/5/1
41,2014/6/1
42,2014/7/1
43,2014/8/1
44,2014/9/1
45,2014/10/1
46,2014/11/1
47,2014/12/1
48,2015/1/1
49,2015/2/1
50,2015/3/1
51,2015/4/1
52,2015/5/1
53,2015/6/1
54,2015/7/1
55,2015/8/1
56,2015/9/1
57,2015/10/1
58,2015/11/1
59,2015/12/1
