Date,Date,Open,High,Low,Close,Volume,Adj Close,tic
2015-12-31,2015-12-31,2.4,2.55,2.39,2.5,107100,2.5,COVS
2016-01-04,2016-01-04,2.51,2.59,2.41,2.5,84200,2.5,COVS
2016-01-05,2016-01-05,2.52,2.52,2.32,2.36,83900,2.36,COVS
2016-01-06,2016-01-06,2.3409999999999997,2.38,2.31,2.34,46800,2.34,COVS
2016-01-07,2016-01-07,2.3,2.33,2.25,2.28,47100,2.28,COVS
2016-01-08,2016-01-08,2.28,2.32,2.12,2.16,80100,2.16,COVS
2015-12-31,2015-12-31,0.65,0.69,0.6,0.64,64400,2.56,EMMS
2016-01-04,2016-01-04,0.63,0.67,0.63,0.65,8400,2.6,EMMS
2016-01-05,2016-01-05,0.65,0.69,0.63,0.63,20400,2.52,EMMS
2016-01-06,2016-01-06,0.63,0.72,0.6,0.68,48400,2.72,EMMS
2016-01-07,2016-01-07,0.7,0.79,0.65,0.66,17600,2.64,EMMS
2016-01-08,2016-01-08,0.64,0.74,0.63,0.63,8500,2.52,EMMS
2015-12-31,2015-12-31,32.82,32.880001,32.150002,32.259997999999996,3019400,30.573486,VOD
2016-01-04,2016-01-04,32.119999,32.209998999999996,31.59,32.189999,4594900,30.507146000000002,VOD
2016-01-05,2016-01-05,32.330002,32.330002,32.02,32.240002000000004,2858000,30.554534000000004,VOD
2016-01-06,2016-01-06,32.029999,32.080002,31.75,31.93,2633100,30.260740000000002,VOD
2016-01-07,2016-01-07,31.51,31.940001000000002,31.459999,31.629998999999998,4857000,29.976421999999996,VOD
2016-01-08,2016-01-08,32.75,33.119999,32.400002,32.540001000000004,8733800,30.83885,VOD
2015-12-31,2015-12-31,106.139999,106.309998,105.059998,105.08000200000001,6609500,103.524353,DIS
2016-01-04,2016-01-04,103.120003,103.43,101.730003,102.980003,12531500,101.455444,DIS
2016-01-05,2016-01-05,102.66999799999999,102.66999799999999,99.889999,100.900002,16212900,99.406235,DIS
2016-01-06,2016-01-06,99.379997,101.459999,99.360001,100.360001,13934500,98.874229,DIS
2016-01-07,2016-01-07,98.959999,101.349998,98.519997,99.5,14680200,98.02696,DIS
2016-01-08,2016-01-08,100.629997,100.91999799999999,99.0,99.25,10691600,97.780661,DIS
2015-12-31,2015-12-31,16.190001000000002,16.299999,15.88,16.02,1206600,16.02,CMCM
2016-01-04,2016-01-04,15.5,15.69,14.8,15.56,1827700,15.56,CMCM
2016-01-05,2016-01-05,15.56,15.831,15.2,15.64,1031000,15.64,CMCM
2016-01-06,2016-01-06,15.42,15.845,15.09,15.75,945000,15.75,CMCM
2016-01-07,2016-01-07,15.12,15.74,15.06,15.6,1169800,15.6,CMCM
2016-01-08,2016-01-08,15.96,16.25,15.6,16.01,994600,16.01,CMCM
2015-12-31,2015-12-31,36.490002000000004,37.09,34.099998,36.389998999999996,379300,36.389998999999996,BNFT
2016-01-04,2016-01-04,35.66,35.720001,33.889998999999996,34.959998999999996,373600,34.959998999999996,BNFT
2016-01-05,2016-01-05,35.0,35.009997999999996,33.700001,34.060001,163100,34.060001,BNFT
2016-01-06,2016-01-06,33.509997999999996,34.23,32.529999,33.43,238700,33.43,BNFT
2016-01-07,2016-01-07,32.75,33.27,31.83,32.509997999999996,162500,32.509997999999996,BNFT
2016-01-08,2016-01-08,32.84,33.169998,31.120001000000002,31.24,269300,31.24,BNFT
2015-12-31,2015-12-31,92.779999,93.489998,91.400002,91.459999,983500,91.459999,FISV
2016-01-04,2016-01-04,90.089996,90.970001,88.16999799999999,89.5,1609800,89.5,FISV
2016-01-05,2016-01-05,89.410004,90.239998,89.279999,89.910004,1107100,89.910004,FISV
2016-01-06,2016-01-06,88.559998,89.599998,88.18,89.230003,1026200,89.230003,FISV
2016-01-07,2016-01-07,86.41999799999999,88.730003,85.629997,88.209999,1774400,88.209999,FISV
2016-01-08,2016-01-08,88.239998,89.019997,87.099998,87.529999,1508700,87.529999,FISV
2015-12-31,2015-12-31,81.480003,82.16999799999999,81.25,81.269997,6691200,81.269997,BABA
2016-01-04,2016-01-04,78.18,78.309998,75.18,76.690002,23066300,76.690002,BABA
2016-01-05,2016-01-05,77.91999799999999,78.68,77.260002,78.629997,14258900,78.629997,BABA
2016-01-06,2016-01-06,77.120003,78.485001,76.970001,77.33000200000001,11569300,77.33000200000001,BABA
2016-01-07,2016-01-07,73.290001,75.5,71.540001,72.720001,27288100,72.720001,BABA
2016-01-08,2016-01-08,74.33000200000001,74.660004,70.66999799999999,70.800003,20814600,70.800003,BABA
2015-12-31,2015-12-31,44.889998999999996,45.060001,44.009997999999996,44.209998999999996,317400,44.209998999999996,HAWK
2016-01-04,2016-01-04,43.330002,43.560001,41.450001,42.599998,590200,42.599998,HAWK
2016-01-05,2016-01-05,42.84,43.669998,42.290001000000004,42.970001,616200,42.970001,HAWK
2016-01-06,2016-01-06,42.220001,43.029999,41.580002,42.27,399000,42.27,HAWK
2016-01-07,2016-01-07,41.66,42.200001,41.0,41.790001000000004,595500,41.790001000000004,HAWK
2016-01-08,2016-01-08,41.91,42.759997999999996,40.810001,41.16,450900,41.16,HAWK
2015-12-31,2015-12-31,13.52,13.62,13.38,13.42,557200,13.172082999999999,NYT
2016-01-04,2016-01-04,13.25,13.27,12.94,13.01,822800,12.769658,NYT
2016-01-05,2016-01-05,13.01,13.21,12.96,13.11,681800,12.86781,NYT
2016-01-06,2016-01-06,12.86,13.09,12.85,13.0,902900,12.759841999999999,NYT
2016-01-07,2016-01-07,12.74,13.08,12.65,12.93,910700,12.691136,NYT
2016-01-08,2016-01-08,13.02,13.13,12.74,12.76,711500,12.524275999999999,NYT
2015-12-31,2015-12-31,42.68,42.93,42.119999,42.75,84700,39.557849,PHI
2016-01-04,2016-01-04,41.400002,42.169998,41.400002,42.029999,138000,38.891611,PHI
2016-01-05,2016-01-05,42.349998,43.5,41.93,43.299999,95500,40.06678,PHI
2016-01-06,2016-01-06,43.130001,43.259997999999996,42.450001,42.799999,103700,39.604115,PHI
2016-01-07,2016-01-07,42.23,42.23,40.740002000000004,40.91,107700,37.855242,PHI
2016-01-08,2016-01-08,40.950001,41.380001,40.43,40.490002000000004,99200,37.466605,PHI
2015-12-31,2015-12-31,115.18,115.860001,113.82,114.059998,147700,112.39305800000001,DST
2016-01-04,2016-01-04,112.08000200000001,112.57,110.800003,111.599998,310900,109.96901100000001,DST
2016-01-05,2016-01-05,111.599998,114.470001,111.199997,111.519997,288600,109.890179,DST
2016-01-06,2016-01-06,109.91999799999999,110.660004,109.629997,110.410004,330800,108.79640800000001,DST
2016-01-07,2016-01-07,108.050003,109.529999,107.360001,107.489998,232700,105.919076,DST
2016-01-08,2016-01-08,108.230003,108.720001,106.790001,106.970001,336100,105.406679,DST
2015-12-31,2015-12-31,43.240002000000004,44.0,42.09,43.25,281600,41.214224,MDP
2016-01-04,2016-01-04,42.41,42.849998,41.810001,42.68,245600,40.671054,MDP
2016-01-05,2016-01-05,42.68,42.889998999999996,42.080002,42.240002000000004,91100,40.251765999999996,MDP
2016-01-06,2016-01-06,41.540001000000004,42.43,41.110001000000004,41.459998999999996,262700,39.508478000000004,MDP
2016-01-07,2016-01-07,41.889998999999996,41.889998999999996,38.73,38.900002,395200,37.068979999999996,MDP
2016-01-08,2016-01-08,39.060001,39.68,38.639998999999996,39.330002,332200,37.47874,MDP
2015-12-31,2015-12-31,46.52,46.650002,46.209998999999996,46.220001,11394800,43.241749,VZ
2016-01-04,2016-01-04,45.669998,45.91,45.360001000000004,45.869999,17821600,42.9143,VZ
2016-01-05,2016-01-05,46.200001,46.549999,45.630001,46.5,15632800,43.503706,VZ
2016-01-06,2016-01-06,45.490002000000004,45.950001,45.279999,45.52,19082700,43.110673,VZ
2016-01-07,2016-01-07,45.119999,45.669998,45.0,45.27,19277600,42.873905,VZ
2016-01-08,2016-01-08,45.66,45.740002000000004,44.700001,44.830002,16594800,42.457195,VZ
2015-12-31,2015-12-31,79.879997,80.839996,79.269997,79.68,685700,79.68,WDAY
2016-01-04,2016-01-04,77.790001,78.650002,76.540001,77.760002,1426700,77.760002,WDAY
2016-01-05,2016-01-05,78.33000200000001,78.510002,77.0,77.239998,679200,77.239998,WDAY
2016-01-06,2016-01-06,75.019997,75.510002,73.709999,74.400002,2187600,74.400002,WDAY
2016-01-07,2016-01-07,72.809998,73.769997,71.029999,71.75,1662400,71.75,WDAY
2016-01-08,2016-01-08,72.160004,72.83000200000001,70.699997,71.07,1463200,71.07,WDAY
2015-12-31,2015-12-31,21.389999,21.48,20.92,20.92,271500,20.92,ACXM
2016-01-04,2016-01-04,20.51,20.709999,19.99,20.1,441400,20.1,ACXM
2016-01-05,2016-01-05,20.24,20.34,19.82,19.98,377200,19.98,ACXM
2016-01-06,2016-01-06,19.639999,19.92,19.629998999999998,19.68,384700,19.68,ACXM
2016-01-07,2016-01-07,19.32,19.610001,18.959999,18.99,587300,18.99,ACXM
2016-01-08,2016-01-08,19.059998999999998,19.309998999999998,18.67,18.889999,894100,18.889999,ACXM
2015-12-31,2015-12-31,34.220001,34.490002000000004,33.849998,33.860001000000004,298500,33.860001000000004,CLGX
2016-01-04,2016-01-04,33.220001,33.540001000000004,32.73,33.439999,724500,33.439999,CLGX
2016-01-05,2016-01-05,33.439999,34.630001,33.439999,34.389998999999996,814200,34.389998999999996,CLGX
2016-01-06,2016-01-06,33.91,35.75,33.799999,35.610001000000004,1427100,35.610001000000004,CLGX
2016-01-07,2016-01-07,34.959998999999996,35.970001,34.919998,35.299999,946800,35.299999,CLGX
2016-01-08,2016-01-08,35.459998999999996,35.490002000000004,34.639998999999996,34.779999,889100,34.779999,CLGX
2015-12-31,2015-12-31,1.34,1.39,1.29,1.33,561700,1.33,APPS
2016-01-04,2016-01-04,1.31,1.31,1.24,1.27,296200,1.27,APPS
2016-01-05,2016-01-05,1.28,1.44,1.28,1.35,91700,1.35,APPS
2016-01-06,2016-01-06,1.32,1.46,1.26,1.28,68100,1.28,APPS
2016-01-07,2016-01-07,1.25,1.31,1.2,1.2,173700,1.2,APPS
2016-01-08,2016-01-08,1.2,1.26,1.19,1.2,194700,1.2,APPS
2015-12-31,2015-12-31,94.470001,95.690002,93.910004,94.220001,478400,94.220001,DATA
2016-01-04,2016-01-04,92.709999,93.900002,91.510002,93.790001,669600,93.790001,DATA
2016-01-05,2016-01-05,94.220001,94.629997,93.290001,94.300003,518000,94.300003,DATA
2016-01-06,2016-01-06,92.860001,94.720001,92.010002,93.5,853100,93.5,DATA
2016-01-07,2016-01-07,91.279999,93.139999,88.0,88.57,1249500,88.57,DATA
2016-01-08,2016-01-08,89.059998,90.529999,85.639999,86.43,1120500,86.43,DATA
2015-12-31,2015-12-31,12.61,12.72,12.57,12.65,19600,12.65,TI
2016-01-04,2016-01-04,12.35,12.35,12.13,12.33,78000,12.33,TI
2016-01-05,2016-01-05,12.24,12.33,12.11,12.33,43500,12.33,TI
2016-01-06,2016-01-06,11.88,11.95,11.79,11.88,55500,11.88,TI
2016-01-07,2016-01-07,11.86,12.1,11.85,11.98,59900,11.98,TI
2016-01-08,2016-01-08,12.08,12.08,11.6,11.68,51100,11.68,TI
2015-12-31,2015-12-31,62.130001,62.849998,60.91,60.93,1347600,60.93,ADSK
2016-01-04,2016-01-04,60.009997999999996,60.540001000000004,59.240002000000004,60.310001,2070700,60.310001,ADSK
2016-01-05,2016-01-05,60.389998999999996,60.799999,60.009997999999996,60.389998999999996,1323600,60.389998999999996,ADSK
2016-01-06,2016-01-06,59.459998999999996,59.799999,58.950001,59.540001000000004,3306300,59.540001000000004,ADSK
2016-01-07,2016-01-07,58.360001000000004,58.689999,55.970001,55.98,3927900,55.98,ADSK
2016-01-08,2016-01-08,56.169998,56.459998999999996,54.599998,55.060001,2376800,55.060001,ADSK
2015-12-31,2015-12-31,28.0,28.33,27.76,27.969998999999998,788500,27.253387,SABR
2016-01-04,2016-01-04,27.42,27.48,26.85,27.440001000000002,3148600,26.736967,SABR
2016-01-05,2016-01-05,26.75,27.34,26.51,27.24,5918300,26.54209,SABR
2016-01-06,2016-01-06,26.780001000000002,27.254,26.780001000000002,26.969998999999998,2717700,26.279007,SABR
2016-01-07,2016-01-07,26.459999,26.785,26.049999,26.25,1595600,25.577455,SABR
2016-01-08,2016-01-08,26.41,26.825001,25.76,25.870001000000002,1349000,25.207192000000003,SABR
2015-12-31,2015-12-31,56.040001000000004,56.189999,55.419998,55.48,26529600,53.672883,MSFT
2016-01-04,2016-01-04,54.32,54.799999,53.389998999999996,54.799999,53778000,53.015032,MSFT
2016-01-05,2016-01-05,54.93,55.389998999999996,54.540001000000004,55.049999,34079700,53.256889,MSFT
2016-01-06,2016-01-06,54.32,54.400002,53.639998999999996,54.049999,39518900,52.289462,MSFT
2016-01-07,2016-01-07,52.700001,53.490002000000004,52.07,52.169998,56564900,50.470696999999994,MSFT
2016-01-08,2016-01-08,52.369999,53.279999,52.150002,52.330002,48754000,50.625489,MSFT
2015-12-31,2015-12-31,3.4,3.58,3.4,3.49,530900,3.49,FUEL
2016-01-04,2016-01-04,3.42,3.49,3.28,3.46,348700,3.46,FUEL
2016-01-05,2016-01-05,3.42,3.7,3.32,3.48,508900,3.48,FUEL
2016-01-06,2016-01-06,3.38,3.5,3.15,3.17,403800,3.17,FUEL
2016-01-07,2016-01-07,3.13,3.202,2.93,3.02,625200,3.02,FUEL
2016-01-08,2016-01-08,3.06,3.28,3.02,3.21,465900,3.21,FUEL
2015-12-31,2015-12-31,19.09,19.1,18.57,18.799999,80200,18.799999,VRNS
2016-01-04,2016-01-04,18.42,18.98,17.93,18.17,196000,18.17,VRNS
2016-01-05,2016-01-05,18.200001,18.629998999999998,17.870001000000002,18.110001,159300,18.110001,VRNS
2016-01-06,2016-01-06,17.82,18.43,17.73,18.209999,128300,18.209999,VRNS
2016-01-07,2016-01-07,17.85,17.959999,16.924999,17.02,124900,17.02,VRNS
2016-01-08,2016-01-08,17.129998999999998,17.219998999999998,16.190001000000002,16.299999,169400,16.299999,VRNS
2015-12-31,2015-12-31,1.19,1.19,1.15,1.17,22900,1.136377,GROW
2016-01-04,2016-01-04,1.15,1.17,1.14,1.14,9300,1.1072389999999999,GROW
2016-01-05,2016-01-05,1.16,1.18,1.11,1.17,37000,1.136377,GROW
2016-01-06,2016-01-06,1.16,1.18,1.16,1.16,15500,1.1266639999999999,GROW
2016-01-07,2016-01-07,1.16,1.22,1.16,1.2,43700,1.1685370000000002,GROW
2016-01-08,2016-01-08,1.21,1.22,1.18,1.22,9800,1.188013,GROW
2015-12-31,2015-12-31,37.490002000000004,37.57,36.93,36.970001,60200,36.389068,OPB
2016-01-04,2016-01-04,36.799999,36.82,35.209998999999996,35.310001,286800,34.755153,OPB
2016-01-05,2016-01-05,35.330002,35.560001,34.610001000000004,35.240002000000004,169700,34.686253,OPB
2016-01-06,2016-01-06,35.099998,35.48,34.98,35.060001,121200,34.509081,OPB
2016-01-07,2016-01-07,34.549999,35.439999,34.5,35.330002,263900,34.774839,OPB
2016-01-08,2016-01-08,35.560001,36.279999,35.150002,35.310001,250500,34.755153,OPB
2015-12-31,2015-12-31,3.3,3.31,3.24,3.25,732000,3.25,FBP
2016-01-04,2016-01-04,3.13,3.23,3.1,3.19,953200,3.19,FBP
2016-01-05,2016-01-05,3.22,3.22,3.11,3.12,711300,3.12,FBP
2016-01-06,2016-01-06,3.09,3.16,3.06,3.13,640800,3.13,FBP
2016-01-07,2016-01-07,3.06,3.11,3.01,3.11,2156600,3.11,FBP
2016-01-08,2016-01-08,3.13,3.18,2.97,2.99,1357800,2.99,FBP
2015-12-31,2015-12-31,47.23,47.509997999999996,46.360001000000004,46.52,63200,45.260034000000005,INDB
2016-01-04,2016-01-04,45.610001000000004,46.259997999999996,44.860001000000004,45.52,138100,44.287118,INDB
2016-01-05,2016-01-05,45.560001,46.09,45.41,45.889998999999996,54600,44.647096000000005,INDB
2016-01-06,2016-01-06,45.110001000000004,45.799999,45.060001,45.529999,66600,44.296846,INDB
2016-01-07,2016-01-07,44.759997999999996,45.279999,44.299999,44.419998,66900,43.216909,INDB
2016-01-08,2016-01-08,44.759997999999996,44.919998,44.02,44.080002,178700,42.886121,INDB
2015-12-31,2015-12-31,9.58,9.73,9.54,9.6,9616300,9.320413,RF
2016-01-04,2016-01-04,9.35,9.48,9.3,9.44,17834000,9.165072,RF
2016-01-05,2016-01-05,9.45,9.51,9.33,9.42,16058300,9.145655,RF
2016-01-06,2016-01-06,9.26,9.34,9.18,9.26,17107900,8.990314999999999,RF
2016-01-07,2016-01-07,9.05,9.17,8.96,8.96,27113600,8.699052,RF
2016-01-08,2016-01-08,9.04,9.1,8.73,8.76,23234600,8.504877,RF
2015-12-31,2015-12-31,11.09,11.19,11.02,11.06,5767700,10.694267,HBAN
2016-01-04,2016-01-04,10.76,10.81,10.58,10.7,14209900,10.346171,HBAN
2016-01-05,2016-01-05,10.76,10.81,10.65,10.72,9529200,10.36551,HBAN
2016-01-06,2016-01-06,10.51,10.65,10.48,10.55,7561600,10.201132000000001,HBAN
2016-01-07,2016-01-07,10.32,10.44,10.18,10.23,13056000,9.891713000000001,HBAN
2016-01-08,2016-01-08,10.4,10.4,10.02,10.05,12049200,9.717666,HBAN
2015-12-31,2015-12-31,12.7,14.01,12.65,13.08,8700,13.08,CWAY
2016-01-04,2016-01-04,12.6,12.9,12.6,12.85,36900,12.85,CWAY
2016-01-05,2016-01-05,12.85,12.85,12.85,12.85,0,12.85,CWAY
2016-01-06,2016-01-06,12.76,13.04,12.76,13.04,2500,13.04,CWAY
2016-01-07,2016-01-07,13.4,13.4,13.2,13.2,25300,13.2,CWAY
2016-01-08,2016-01-08,13.26,13.26,13.2,13.26,1900,13.26,CWAY
2015-12-31,2015-12-31,34.849998,34.970001,34.220001,34.27,74500,33.244572999999995,CHFC
2016-01-04,2016-01-04,33.68,33.740002000000004,32.700001,33.009997999999996,140600,32.022273,CHFC
2016-01-05,2016-01-05,33.080002,33.650002,32.98,33.419998,92300,32.420004999999996,CHFC
2016-01-06,2016-01-06,32.970001,33.470001,32.790001000000004,33.200001,77000,32.206590000000006,CHFC
2016-01-07,2016-01-07,32.700001,33.029999,32.57,32.68,65700,31.702149,CHFC
2016-01-08,2016-01-08,32.849998,32.91,31.85,31.91,94900,30.955189,CHFC
2015-12-31,2015-12-31,146.429993,147.850006,145.899994,146.330002,894900,146.249629,CI
2016-01-04,2016-01-04,144.71000700000002,146.869995,144.08999599999999,146.550003,1461700,146.46950900000002,CI
2016-01-05,2016-01-05,146.490005,148.139999,143.720001,144.139999,1514800,144.06083,CI
2016-01-06,2016-01-06,143.46000700000002,144.869995,142.75,143.029999,1180200,142.951439,CI
2016-01-07,2016-01-07,141.0,142.96000700000002,140.229996,141.369995,1779600,141.292347,CI
2016-01-08,2016-01-08,142.0,142.130005,138.580002,138.740005,1465400,138.663802,CI
2015-12-31,2015-12-31,7.56,7.68,7.56,7.65,4100,7.65,PIH
2016-01-04,2016-01-04,7.55,7.64,7.5,7.5,11100,7.5,PIH
2016-01-05,2016-01-05,7.61,7.61,7.61,7.61,200,7.61,PIH
2016-01-06,2016-01-06,7.36,7.42,7.36,7.42,300,7.42,PIH
2016-01-07,2016-01-07,7.371,7.5,7.099,7.1,35900,7.1,PIH
2016-01-08,2016-01-08,7.1,7.1,6.89,6.906000000000001,9600,6.906000000000001,PIH
2015-12-31,2015-12-31,30.209999,30.629998999999998,30.1,30.41,3804900,30.020946000000002,SYF
2016-01-04,2016-01-04,29.98,30.01,29.379998999999998,29.940001000000002,8771100,29.556959999999997,SYF
2016-01-05,2016-01-05,29.85,30.280001000000002,29.450001,30.110001,7438000,29.724784999999997,SYF
2016-01-06,2016-01-06,29.83,30.030001000000002,29.48,29.9,9158200,29.517471,SYF
2016-01-07,2016-01-07,29.469998999999998,29.83,29.0,29.120001000000002,11194100,28.747451,SYF
2016-01-08,2016-01-08,29.360001,29.525,28.780001000000002,28.84,10400000,28.471033000000002,SYF
2015-12-31,2015-12-31,33.34,33.709998999999996,32.349998,32.360001000000004,94700,32.066828,WSFS
2016-01-04,2016-01-04,31.940001000000002,31.98,30.9,31.02,124600,30.738968,WSFS
2016-01-05,2016-01-05,31.33,31.530001000000002,30.299999,31.190001000000002,134400,30.907428000000003,WSFS
2016-01-06,2016-01-06,30.74,31.6,30.74,31.43,169300,31.145253000000004,WSFS
2016-01-07,2016-01-07,30.969998999999998,31.299999,30.719998999999998,30.91,159500,30.629964,WSFS
2016-01-08,2016-01-08,31.030001000000002,31.450001,30.6,30.629998999999998,197800,30.3525,WSFS
2015-12-31,2015-12-31,37.509997999999996,38.029999,37.150002,37.330002,87500,35.958286,STC
2016-01-04,2016-01-04,36.810001,36.810001,35.82,36.610001000000004,147700,35.264742,STC
2016-01-05,2016-01-05,36.669998,36.990002000000004,36.080002,36.580002,107200,35.235845,STC
2016-01-06,2016-01-06,36.139998999999996,36.5,36.110001000000004,36.349998,93000,35.014294,STC
2016-01-07,2016-01-07,35.790001000000004,36.110001000000004,35.150002,35.18,95900,33.887288,STC
2016-01-08,2016-01-08,35.330002,35.66,34.080002,34.139998999999996,140200,32.885502,STC
2015-12-31,2015-12-31,35.599998,35.599998,35.110001000000004,35.150002,130900,30.293221000000003,CNA
2016-01-04,2016-01-04,34.57,34.580002,34.049999,34.43,138400,29.672704,CNA
2016-01-05,2016-01-05,34.439999,34.73,34.09,34.599998,191600,29.819213,CNA
2016-01-06,2016-01-06,34.220001,34.290001000000004,34.040001000000004,34.110001000000004,108500,29.39692,CNA
2016-01-07,2016-01-07,34.029999,34.189999,33.639998999999996,33.93,214200,29.241791,CNA
2016-01-08,2016-01-08,34.02,34.169998,33.360001000000004,33.369999,93100,28.759166999999998,CNA
2015-12-31,2015-12-31,19.01,19.4,18.91,18.92,283700,17.524523000000002,HASI
2016-01-04,2016-01-04,18.700001,18.870001000000002,18.01,18.83,300900,17.441160999999997,HASI
2016-01-05,2016-01-05,18.99,19.200001,18.75,19.139999,201300,17.728296,HASI
2016-01-06,2016-01-06,19.0,19.18,18.879998999999998,19.01,316900,17.607885,HASI
2016-01-07,2016-01-07,18.799999,18.860001,18.32,18.559998999999998,295700,17.191075,HASI
2016-01-08,2016-01-08,18.610001,18.84,18.4,18.4,192100,17.042876,HASI
2015-12-31,2015-12-31,60.860003000000006,60.860003000000006,59.749999,59.840003,71800,53.345255,AGII
2016-01-04,2016-01-04,58.96,59.520003,58.040003000000006,58.670002000000004,155700,52.302240999999995,AGII
2016-01-05,2016-01-05,58.690001,59.460002,58.460001,59.410001,100400,52.961923999999996,AGII
2016-01-06,2016-01-06,58.700001,59.669999,57.890002,59.320001,117300,52.881692,AGII
2016-01-07,2016-01-07,58.500003,59.290003000000006,57.970002,58.019999,106000,51.722786,AGII
2016-01-08,2016-01-08,58.179999,58.540001000000004,56.810001,57.010003000000005,149300,50.82241,AGII
2015-12-31,2015-12-31,60.150002,60.549999,59.849998,59.900002,1010600,58.078961,AFL
2016-01-04,2016-01-04,58.790001000000004,59.18,58.200001,59.18,2474200,57.380848,AFL
2016-01-05,2016-01-05,59.169998,59.630001,58.740002000000004,59.099998,2050000,57.303279,AFL
2016-01-06,2016-01-06,58.330002,58.610001000000004,57.950001,58.200001,1863700,56.430642000000006,AFL
2016-01-07,2016-01-07,57.119999,58.0,56.93,57.209998999999996,2353000,55.470738,AFL
2016-01-08,2016-01-08,57.669998,57.790001000000004,56.610001000000004,56.709998999999996,2230300,54.985939,AFL
2015-12-31,2015-12-31,20.74,20.77,20.1,20.34,39200,19.742638,CVLY
2016-01-04,2016-01-04,20.08,21.0,20.08,20.860001,26200,20.247367,CVLY
2016-01-05,2016-01-05,20.799999,20.9,20.549999,20.879998999999998,7800,20.266778,CVLY
2016-01-06,2016-01-06,20.68,20.889999,20.5,20.889999,1200,20.276485,CVLY
2016-01-07,2016-01-07,20.58,20.889999,20.58,20.76,2700,20.150304000000002,CVLY
2016-01-08,2016-01-08,20.76,20.799999,20.26,20.42,6700,19.820289000000002,CVLY
2015-12-31,2015-12-31,66.07,67.25,65.879997,66.360001,1533800,64.556453,STT
2016-01-04,2016-01-04,64.769997,65.18,64.139999,65.139999,2589200,63.369609999999994,STT
2016-01-05,2016-01-05,64.970001,65.650002,64.739998,65.239998,1509000,63.46689,STT
2016-01-06,2016-01-06,64.0,64.07,62.830002,63.07,2361900,61.35586899999999,STT
2016-01-07,2016-01-07,62.029999,62.139998999999996,60.0,60.220001,3194600,58.583328,STT
2016-01-08,2016-01-08,60.759997999999996,60.84,58.529999,58.650002,1939500,57.055997999999995,STT
2015-12-31,2015-12-31,118.949997,120.849998,118.66999799999999,118.900002,345500,118.900002,SIVB
2016-01-04,2016-01-04,116.66999799999999,117.489998,114.949997,116.529999,736300,116.529999,SIVB
2016-01-05,2016-01-05,116.389999,118.089996,115.68,116.559998,383700,116.559998,SIVB
2016-01-06,2016-01-06,114.43,116.459999,113.870003,114.610001,494000,114.610001,SIVB
2016-01-07,2016-01-07,111.510002,112.33000200000001,108.769997,108.82,995100,108.82,SIVB
2016-01-08,2016-01-08,110.339996,111.809998,106.0,106.800003,656600,106.800003,SIVB
2015-12-31,2015-12-31,25.379998999999998,25.469998999999998,25.370001000000002,25.370001000000002,93200,25.03785,FGL
2016-01-04,2016-01-04,25.139999,25.540001,24.99,25.530001000000002,150600,25.195755,FGL
2016-01-05,2016-01-05,25.530001000000002,25.59,25.370001000000002,25.48,51500,25.146407999999997,FGL
2016-01-06,2016-01-06,25.41,25.59,25.370001000000002,25.540001,86900,25.205624,FGL
2016-01-07,2016-01-07,25.41,25.629998999999998,25.370001000000002,25.48,119100,25.146407999999997,FGL
2016-01-08,2016-01-08,25.530001000000002,25.66,25.27,25.34,109400,25.008242000000003,FGL
2015-12-31,2015-12-31,19.35,19.35,19.32,19.34,800,18.899403,PEBK
2016-01-04,2016-01-04,19.1,19.129998999999998,19.1,19.129998999999998,6800,18.694186,PEBK
2016-01-05,2016-01-05,18.780001000000002,18.959999,18.77,18.9,13700,18.469426000000002,PEBK
2016-01-06,2016-01-06,18.379998999999998,18.950001,18.280001000000002,18.700001,13300,18.273984,PEBK
2016-01-07,2016-01-07,18.6,19.299999,18.549999,19.0,25100,18.567148,PEBK
2016-01-08,2016-01-08,19.049999,19.35,18.6,18.6,14600,18.176261,PEBK
2015-12-31,2015-12-31,62.299999,62.740002000000004,61.959998999999996,61.970001,4865500,60.296253,AIG
2016-01-04,2016-01-04,60.66,61.07,59.82,60.43,10538700,58.79784599999999,AIG
2016-01-05,2016-01-05,60.450001,60.950001,60.279999,60.639998999999996,7863000,59.002173,AIG
2016-01-06,2016-01-06,59.869999,59.950001,59.459998999999996,59.75,9598800,58.136212,AIG
2016-01-07,2016-01-07,58.529999,59.5,58.23,58.32,8951400,56.744834,AIG
2016-01-08,2016-01-08,58.810001,59.009997999999996,57.299999,57.450001,8282700,55.898332999999994,AIG
2015-12-31,2015-12-31,39.0,39.349998,38.279999,38.310001,55800,37.232528,UFCS
2016-01-04,2016-01-04,37.84,37.950001,36.799999,37.02,89700,35.978809000000005,UFCS
2016-01-05,2016-01-05,37.02,38.529999,37.02,38.439999,82500,37.35887,UFCS
2016-01-06,2016-01-06,37.970001,38.919998,37.970001,38.689999,100500,37.601838,UFCS
2016-01-07,2016-01-07,38.130001,38.889998999999996,38.130001,38.43,109300,37.349152000000004,UFCS
2016-01-08,2016-01-08,38.630001,38.959998999999996,37.84,37.900002,167800,36.83406,UFCS
2015-12-31,2015-12-31,52.759997999999996,52.950001,52.759997999999996,52.880001,1152100,51.764814,BNDX
2016-01-04,2016-01-04,52.939999,52.990002000000004,52.849998,52.990002000000004,1245800,51.872495,BNDX
2016-01-05,2016-01-05,53.009997999999996,53.07,52.939999,52.959998999999996,1116500,51.843125,BNDX
2016-01-06,2016-01-06,53.139998999999996,53.16,53.040001000000004,53.16,584000,52.038908,BNDX
2016-01-07,2016-01-07,53.099998,53.130001,53.009997999999996,53.080002,1310700,51.960597,BNDX
2016-01-08,2016-01-08,53.07,53.16,53.07,53.07,1294400,51.950806,BNDX
2015-12-31,2015-12-31,42.540001000000004,42.57,41.830002,42.349998,6788900,41.788657,AAL
2016-01-04,2016-01-04,41.290001000000004,41.349998,40.299999,40.91,12037200,40.367745,AAL
2016-01-05,2016-01-05,41.18,41.490002000000004,39.950001,40.52,10514200,39.982915000000006,AAL
2016-01-06,2016-01-06,40.049999,41.700001,40.0,41.23,12393800,40.683503,AAL
2016-01-07,2016-01-07,40.970001,41.52,39.68,40.450001,11312900,39.913843,AAL
2016-01-08,2016-01-08,40.939999,41.360001000000004,40.259997999999996,40.369999,8853100,39.834902,AAL
2015-12-31,2015-12-31,81.0,81.449997,79.800003,80.510002,817500,78.990347,ALK
2016-01-04,2016-01-04,79.160004,79.290001,77.33000200000001,78.400002,1441300,76.92017299999999,ALK
2016-01-05,2016-01-05,78.400002,79.16999799999999,76.559998,77.089996,1547000,75.634895,ALK
2016-01-06,2016-01-06,76.529999,78.25,76.300003,78.199997,1387100,76.72394399999999,ALK
2016-01-07,2016-01-07,76.57,77.190002,72.879997,73.989998,1797200,72.59340999999999,ALK
2016-01-08,2016-01-08,74.889999,74.889999,70.25,70.379997,2723500,69.051549,ALK
2015-12-31,2015-12-31,20.950001,21.629998999999998,20.870001000000002,21.389999,188500,20.982802,ARCB
2016-01-04,2016-01-04,20.85,21.110001,20.360001,20.9,310500,20.502129999999998,ARCB
2016-01-05,2016-01-05,20.969998999999998,21.16,20.389999,21.139999,201200,20.737561,ARCB
2016-01-06,2016-01-06,20.75,20.870001000000002,20.440001000000002,20.700001,359700,20.305938,ARCB
2016-01-07,2016-01-07,19.92,20.450001,19.17,19.280001000000002,544200,18.912971,ARCB
2016-01-08,2016-01-08,19.25,19.43,18.58,18.67,566400,18.314582,ARCB
2015-12-31,2015-12-31,25.5,26.139999,25.5,25.950001,4742200,25.096418,CSX
2016-01-04,2016-01-04,25.370001000000002,25.799999,25.08,25.790001,9561200,24.941681,CSX
2016-01-05,2016-01-05,25.799999,25.99,25.209999,25.530001000000002,5216300,24.690233,CSX
2016-01-06,2016-01-06,25.07,25.219998999999998,24.17,24.370001000000002,8385100,23.56839,CSX
2016-01-07,2016-01-07,23.82,24.299999,23.59,23.620001000000002,9836600,22.84306,CSX
2016-01-08,2016-01-08,23.799999,23.85,23.440001000000002,23.48,9672100,22.707663,CSX
2015-12-31,2015-12-31,55.540001000000004,56.240002000000004,55.310001,55.880001,1289200,54.638222999999996,CNI
2016-01-04,2016-01-04,54.75,54.889998999999996,53.41,54.860001000000004,1349200,53.64089,CNI
2016-01-05,2016-01-05,54.669998,54.84,53.529999,53.959998999999996,1322500,52.760888,CNI
2016-01-06,2016-01-06,52.939999,53.529999,51.98,52.169998,1272100,51.010665,CNI
2016-01-07,2016-01-07,51.080002,51.439999,50.400002,51.029999,1673200,49.895998999999996,CNI
2016-01-08,2016-01-08,51.34,51.860001000000004,50.98,51.330002,1717200,50.189335,CNI
2015-12-31,2015-12-31,126.120003,127.910004,126.0,127.599998,625400,125.97581000000001,CP
2016-01-04,2016-01-04,125.470001,126.540001,122.480003,126.480003,1029200,124.870071,CP
2016-01-05,2016-01-05,125.790001,127.190002,124.139999,125.989998,881800,124.386303,CP
2016-01-06,2016-01-06,123.599998,124.300003,115.980003,117.099998,1187400,115.60946200000001,CP
2016-01-07,2016-01-07,113.779999,115.08000200000001,112.190002,112.510002,1363400,111.07789,CP
2016-01-08,2016-01-08,113.699997,114.25,112.339996,112.66999799999999,757800,111.23585,CP
2015-12-31,2015-12-31,51.0,51.080002,50.349998,50.689999,5905600,49.664582,DAL
2016-01-04,2016-01-04,49.419998,49.419998,48.299999,48.66,12323200,47.675649,DAL
2016-01-05,2016-01-05,49.310001,49.75,47.040001000000004,48.57,14557200,47.587469,DAL
2016-01-06,2016-01-06,47.790001000000004,49.299999,47.630001,48.93,10375900,47.940187,DAL
2016-01-07,2016-01-07,48.389998999999996,48.68,46.740002000000004,47.0,11301100,46.049229,DAL
2016-01-08,2016-01-08,47.48,48.950001,46.490002000000004,46.610001000000004,10850300,45.667119,DAL
2015-12-31,2015-12-31,45.529999,45.599998,45.099998,45.099998,683300,44.392348999999996,EXPD
2016-01-04,2016-01-04,44.349998,44.470001,43.490002000000004,44.259997999999996,2096800,43.565529,EXPD
2016-01-05,2016-01-05,44.060001,44.66,43.740002000000004,44.549999,2323400,43.850978999999995,EXPD
2016-01-06,2016-01-06,44.0,44.330002,43.560001,43.639998999999996,1296400,42.955258,EXPD
2016-01-07,2016-01-07,41.459998999999996,42.950001,40.5,42.66,4722900,41.990635,EXPD
2016-01-08,2016-01-08,42.66,43.299999,42.560001,42.779999,2526300,42.108751,EXPD
2015-12-31,2015-12-31,72.83000200000001,74.199997,72.589996,73.360001,585400,72.391195,JBHT
2016-01-04,2016-01-04,71.849998,72.279999,70.58000200000001,71.32,827400,70.378135,JBHT
2016-01-05,2016-01-05,71.349998,72.150002,71.08000200000001,72.059998,999300,71.10836,JBHT
2016-01-06,2016-01-06,70.989998,71.730003,70.480003,70.91999799999999,595300,69.983416,JBHT
2016-01-07,2016-01-07,69.870003,69.93,68.41999799999999,68.91999799999999,843300,68.009828,JBHT
2016-01-08,2016-01-08,68.980003,69.510002,68.050003,68.190002,810800,67.289473,JBHT
2015-12-31,2015-12-31,14.4,15.05,14.4,14.92,30078000,14.429054,KMI
2016-01-04,2016-01-04,14.89,15.5,14.83,15.27,33649600,14.767538,KMI
2016-01-05,2016-01-05,15.35,15.65,14.99,15.58,29113900,15.067337,KMI
2016-01-06,2016-01-06,15.16,15.28,14.62,14.77,28462600,14.28399,KMI
2016-01-07,2016-01-07,14.46,14.86,14.13,14.25,27846800,13.781101000000001,KMI
2016-01-08,2016-01-08,14.52,15.05,14.16,14.77,29611000,14.28399,KMI
2015-12-31,2015-12-31,84.160004,85.18,84.089996,84.589996,920100,81.769662,NSC
2016-01-04,2016-01-04,83.639999,83.660004,80.900002,81.809998,2558100,79.082352,NSC
2016-01-05,2016-01-05,81.760002,82.559998,81.400002,82.269997,1043500,79.52701400000001,NSC
2016-01-06,2016-01-06,81.220001,81.699997,79.010002,79.480003,1345400,76.830042,NSC
2016-01-07,2016-01-07,78.059998,78.83000200000001,77.550003,78.0,1900900,75.399384,NSC
2016-01-08,2016-01-08,78.300003,79.0,77.550003,77.790001,1417600,75.196387,NSC
2015-12-31,2015-12-31,25.620001000000002,26.360001,25.469998999999998,25.9,367700,25.271096,BRS
2016-01-04,2016-01-04,25.790001,26.709999,25.34,26.450001,467200,25.807742,BRS
2016-01-05,2016-01-05,26.27,26.530001000000002,24.77,25.120001000000002,550500,24.510038,BRS
2016-01-06,2016-01-06,24.5,24.559998999999998,22.530001000000002,22.83,759300,22.275642,BRS
2016-01-07,2016-01-07,22.35,22.450001,21.76,22.1,965900,21.563369,BRS
2016-01-08,2016-01-08,22.209999,22.309998999999998,21.040001,21.42,613000,20.89988,BRS
2015-12-31,2015-12-31,43.18,43.299999,42.75,43.060001,3709100,42.598659000000005,LUV
2016-01-04,2016-01-04,41.700001,42.189999,41.18,41.959998999999996,5916400,41.510442,LUV
2016-01-05,2016-01-05,42.400002,43.080002,41.43,42.459998999999996,9364100,42.005085,LUV
2016-01-06,2016-01-06,41.970001,43.5,41.799999,42.849998,6236500,42.390906,LUV
2016-01-07,2016-01-07,42.950001,43.150002,41.560001,41.950001,8545600,41.500551,LUV
2016-01-08,2016-01-08,42.41,43.060001,42.110001000000004,42.209998999999996,7459400,41.757764,LUV
2015-12-31,2015-12-31,32.5,32.790001000000004,32.110001000000004,32.59,859200,31.015727000000002,TRP
2016-01-04,2016-01-04,32.110001000000004,32.689999,31.860001,32.5,961500,30.930075,TRP
2016-01-05,2016-01-05,32.490002000000004,32.59,31.790001,32.220001,1299400,30.663601,TRP
2016-01-06,2016-01-06,31.629998999999998,31.870001000000002,31.41,31.700001,1220200,30.16872,TRP
2016-01-07,2016-01-07,31.040001,31.209999,30.299999,30.450001,1026200,28.979102,TRP
2016-01-08,2016-01-08,30.469998999999998,31.26,30.129998999999998,30.73,1001400,29.245575,TRP
2015-12-31,2015-12-31,57.23,57.5,56.720001,57.299999,3497800,57.299999,UAL
2016-01-04,2016-01-04,55.790001000000004,56.34,54.860001000000004,55.610001000000004,5693200,55.610001000000004,UAL
2016-01-05,2016-01-05,55.900002,56.330002,54.0,55.060001,6982900,55.060001,UAL
2016-01-06,2016-01-06,54.240002000000004,55.470001,54.040001000000004,55.200001,4902100,55.200001,UAL
2016-01-07,2016-01-07,54.400002,54.810001,52.34,52.630001,6095600,52.630001,UAL
2016-01-08,2016-01-08,53.619999,53.860001000000004,51.759997999999996,51.889998999999996,6365600,51.889998999999996,UAL
2015-12-31,2015-12-31,77.730003,79.150002,77.57,78.199997,3754600,75.81486899999999,UNP
2016-01-04,2016-01-04,76.870003,79.040001,76.129997,78.970001,6902600,76.561388,UNP
2016-01-05,2016-01-05,79.010002,79.339996,77.300003,78.209999,6117300,75.824567,UNP
2016-01-06,2016-01-06,76.75,77.190002,74.239998,74.83000200000001,8125200,72.54766,UNP
2016-01-07,2016-01-07,73.389999,74.190002,72.41999799999999,73.08000200000001,9077600,70.851036,UNP
2016-01-08,2016-01-08,73.559998,74.379997,73.199997,73.860001,7567700,71.60724499999999,UNP
2015-12-31,2015-12-31,24.120001000000002,25.82,24.049999,25.700001,10001200,23.496304000000002,WMB
2016-01-04,2016-01-04,25.52,26.59,25.32,26.24,10992700,23.99,WMB
2016-01-05,2016-01-05,26.41,26.68,25.91,26.33,12394300,24.072283,WMB
2016-01-06,2016-01-06,25.540001,25.74,22.9,22.9,16953300,20.936395,WMB
2016-01-07,2016-01-07,22.209999,22.799999,20.6,20.610001,12550600,18.842756,WMB
2016-01-08,2016-01-08,21.059998999999998,21.23,19.469998999999998,20.309998999999998,18822000,18.568479,WMB
2015-12-31,2015-12-31,23.15,23.950001,22.959999,23.389999,690500,23.113910999999998,WERN
2016-01-04,2016-01-04,23.74,23.74,23.01,23.309998999999998,1177500,23.034856,WERN
2016-01-05,2016-01-05,23.42,23.83,23.35,23.57,876300,23.291787,WERN
2016-01-06,2016-01-06,23.299999,23.629998999999998,22.01,22.809998999999998,686300,22.540757,WERN
2016-01-07,2016-01-07,22.23,22.75,21.74,21.91,977900,21.651381,WERN
2016-01-08,2016-01-08,21.950001,22.23,21.809998999999998,21.91,665300,21.651381,WERN
2015-12-31,2015-12-31,19.610001,19.610001,18.93,19.02,610400,18.83824,SKYW
2016-01-04,2016-01-04,18.67,18.67,17.6,17.93,973700,17.758656,SKYW
2016-01-05,2016-01-05,17.879998999999998,18.02,16.98,17.030001000000002,745600,16.867257000000002,SKYW
2016-01-06,2016-01-06,17.17,18.379998999999998,17.0,17.860001,952700,17.689325,SKYW
2016-01-07,2016-01-07,17.25,17.59,16.32,16.360001,919300,16.20366,SKYW
2016-01-08,2016-01-08,16.27,17.1,15.66,15.7,507700,15.549966,SKYW
2015-12-31,2015-12-31,16.969998999999998,17.27,16.870001000000002,17.02,375000,16.93197,HTLD
2016-01-04,2016-01-04,16.85,16.85,16.370001000000002,16.65,852800,16.563882999999997,HTLD
2016-01-05,2016-01-05,16.709999,17.110001,16.639999,17.07,660300,16.98171,HTLD
2016-01-06,2016-01-06,16.9,17.139999,16.610001,16.639999,879300,16.553933999999998,HTLD
2016-01-07,2016-01-07,15.89,16.120001000000002,15.54,15.99,1780700,15.907295999999999,HTLD
2016-01-08,2016-01-08,15.93,16.309998999999998,15.93,16.059998999999998,1366400,15.976934,HTLD
2015-12-31,2015-12-31,54.939999,55.27,54.459998999999996,54.48,2267400,52.654626,CCL
2016-01-04,2016-01-04,54.16,54.220001,53.220001,54.200001,4773000,52.384009000000006,CCL
2016-01-05,2016-01-05,54.02,54.18,53.619999,53.68,4545300,51.881431,CCL
2016-01-06,2016-01-06,52.91,54.110001000000004,52.860001000000004,53.52,5092000,51.726791999999996,CCL
2016-01-07,2016-01-07,52.650002,53.509997999999996,52.25,52.389998999999996,4908000,50.634653,CCL
2016-01-08,2016-01-08,53.650002,53.68,51.91,52.049999,4932700,50.306044,CCL
2015-12-31,2015-12-31,7.15,7.4,7.15,7.4,1900,7.091289,TATT
2016-01-04,2016-01-04,7.45,7.45,7.45,7.45,200,7.139202,TATT
2016-01-05,2016-01-05,7.45,7.45,7.45,7.45,400,7.139202,TATT
2016-01-06,2016-01-06,7.23,7.23,6.85,6.85,2600,6.564233,TATT
2016-01-07,2016-01-07,6.85,6.85,6.85,6.85,0,6.564233,TATT
2016-01-08,2016-01-08,6.96,7.43,6.96,7.34,600,7.033792,TATT
2015-12-31,2015-12-31,8.57,9.34,8.57,9.2,511300,8.049063,ENBL
2016-01-04,2016-01-04,9.26,9.34,8.89,8.94,202200,7.821589,ENBL
2016-01-05,2016-01-05,8.84,9.04,8.53,8.88,329600,7.769096,ENBL
2016-01-06,2016-01-06,8.82,8.9,8.2,8.2,370800,7.1741649999999995,ENBL
2016-01-07,2016-01-07,7.93,8.23,7.29,7.36,470000,6.4392510000000005,ENBL
2016-01-08,2016-01-08,7.42,7.83,7.24,7.75,319300,6.780461,ENBL
